[INFO],SENDER,2020-12-23 16:52:09,RSA key received by SENDER from (127.0.0.1 5586)
[INFO],SENDER,2020-12-23 16:52:09,IV received by SENDER from (127.0.0.1 5586)
[INFO],SENDER,2020-12-23 16:58:05,RSA key received by SENDER from (127.0.0.1 5586)
[INFO],SENDER,2020-12-23 16:58:06,IV received by SENDER from (127.0.0.1 5586)
[INFO],SENDER,2020-12-24 13:38:26,RSA key received by SENDER from (127.0.0.1 5586)
[INFO],SENDER,2020-12-24 13:38:27,IV received by SENDER from (127.0.0.1 5586)
[INFO],SENDER,2020-12-24 13:40:09,RSA key received by SENDER from (127.0.0.1 5586)
[INFO],SENDER,2020-12-24 13:40:10,IV received by SENDER from (127.0.0.1 5586)
[INFO],SENDER,2020-12-24 13:42:58,RSA key received by SENDER from (127.0.0.1 5586)
[INFO],SENDER,2020-12-24 13:42:59,IV received by SENDER from (127.0.0.1 5586)
[INFO],SENDER,2020-12-24 13:47:52,RSA key received by SENDER from (127.0.0.1 5586)
[INFO],SENDER,2020-12-24 13:47:53,IV received by SENDER from (127.0.0.1 5586)
[INFO],SENDER,2020-12-24 14:42:55,RSA key received by SENDER from (127.0.0.1 5586)
[INFO],SENDER,2020-12-24 14:42:56,IV received by SENDER from (127.0.0.1 5586)
[INFO],SENDER,2020-12-24 14:44:33,RSA key received by SENDER from (127.0.0.1 5586)
[INFO],SENDER,2020-12-24 14:44:34,IV received by SENDER from (127.0.0.1 5586)
[INFO],SENDER,2020-12-24 14:45:14,RSA key received by SENDER from (127.0.0.1 5586)
[INFO],SENDER,2020-12-24 14:45:14,IV received by SENDER from (127.0.0.1 5586)
[INFO],SENDER,2020-12-26 15:23:46,RSA key received by SENDER from (127.0.0.1 5586)
[INFO],SENDER,2020-12-26 15:23:46,IV received by SENDER from (127.0.0.1 5586)
[INFO],SENDER,2020-12-27 17:39:17,RSA key received by SENDER from (127.0.0.1 5586)
[INFO],SENDER,2020-12-27 17:39:17,IV received by SENDER from (127.0.0.1 5586)
[INFO],SENDER,2020-12-27 17:41:42,RSA key received by SENDER from (127.0.0.1 5586)
[INFO],SENDER,2020-12-27 17:41:43,IV received by SENDER from (127.0.0.1 5586)
[INFO],SENDER,2020-12-27 17:53:20,RSA key received by SENDER from (127.0.0.1 5586)
[INFO],SENDER,2020-12-27 17:53:21,IV received by SENDER from (127.0.0.1 5586)
[INFO],SENDER,2020-12-28 13:18:26,RSA key received by SENDER from (127.0.0.1 5586)
[INFO],SENDER,2020-12-28 13:18:26,IV received by SENDER from (127.0.0.1 5586)
[INFO],SENDER,2020-12-28 13:19:29,RSA key received by SENDER from (127.0.0.1 5586)
[INFO],SENDER,2020-12-28 13:19:29,IV received by SENDER from (127.0.0.1 5586)
[INFO],SENDER,2020-12-28 19:05:24,RSA key received by SENDER from (127.0.0.1 5586)
[INFO],SENDER,2020-12-28 19:05:25,IV received by SENDER from (127.0.0.1 5586)
[INFO],SENDER,2020-12-29 14:32:06,RSA key received by SENDER from (127.0.0.1 5586)
[INFO],SENDER,2020-12-29 14:32:07,IV received by SENDER from (127.0.0.1 5586)
[INFO],SENDER,2020-12-29 17:30:11,RSA key received by SENDER from (127.0.0.1 5586)
[INFO],SENDER,2020-12-29 17:30:12,IV received by SENDER from (127.0.0.1 5586)
[INFO],SENDER,2020-12-29 18:26:58,RSA key received by SENDER from (127.0.0.1 5586)
[INFO],SENDER,2020-12-29 18:26:59,IV received by SENDER from (127.0.0.1 5586)
[INFO],SENDER,2020-12-29 20:42:08,RSA key received by SENDER from (127.0.0.1 5586)
[INFO],SENDER,2020-12-29 20:42:08,IV received by SENDER from (127.0.0.1 5586)
[INFO],SENDER,2020-12-30 12:53:21,RSA key received by SENDER from (127.0.0.1 5586)
[INFO],SENDER,2020-12-30 12:53:21,IV received by SENDER from (127.0.0.1 5586)
[INFO],SENDER,2020-12-30 12:54:54,RSA key received by SENDER from (127.0.0.1 5586)
[INFO],SENDER,2020-12-30 12:54:55,IV received by SENDER from (127.0.0.1 5586)
[INFO],SENDER,2020-12-30 12:57:11,RSA key received by SENDER from (127.0.0.1 5586)
[INFO],SENDER,2020-12-30 12:57:12,IV received by SENDER from (127.0.0.1 5586)
[INFO],SENDER,2020-12-30 12:59:41,RSA key received by SENDER from (127.0.0.1 5586)
[INFO],SENDER,2020-12-30 12:59:41,IV received by SENDER from (127.0.0.1 5586)
[INFO],SENDER,2020-12-30 13:01:23,RSA key received by SENDER from (127.0.0.1 5586)
[INFO],SENDER,2020-12-30 13:01:24,IV received by SENDER from (127.0.0.1 5586)
[INFO],SENDER,2020-12-30 13:05:22,RSA key received by SENDER from (127.0.0.1 5586)
[INFO],SENDER,2020-12-30 13:05:23,IV received by SENDER from (127.0.0.1 5586)
[INFO],SENDER,2020-12-30 13:06:35,RSA key received by SENDER from (127.0.0.1 5586)
[INFO],SENDER,2020-12-30 13:06:35,IV received by SENDER from (127.0.0.1 5586)
[INFO],SENDER,2020-12-30 13:32:25,RSA key received by SENDER from (127.0.0.1 5586)
[INFO],SENDER,2020-12-30 13:32:26,IV received by SENDER from (127.0.0.1 5586)
[INFO],SENDER,2020-12-30 13:33:33,RSA key received by SENDER from (127.0.0.1 5586)
[INFO],SENDER,2020-12-30 13:33:33,IV received by SENDER from (127.0.0.1 5586)
[INFO],SENDER,2020-12-30 13:34:21,RSA key received by SENDER from (127.0.0.1 5586)
[INFO],SENDER,2020-12-30 13:34:22,IV received by SENDER from (127.0.0.1 5586)
[INFO],SENDER,2020-12-30 13:35:44,RSA key received by SENDER from (127.0.0.1 5586)
[INFO],SENDER,2020-12-30 13:35:45,IV received by SENDER from (127.0.0.1 5586)
[INFO],SENDER,2020-12-30 13:36:36,RSA key received by SENDER from (127.0.0.1 5586)
[INFO],SENDER,2020-12-30 13:36:37,IV received by SENDER from (127.0.0.1 5586)
[INFO],SENDER,2020-12-30 13:38:52,RSA key received by SENDER from (127.0.0.1 5586)
[INFO],SENDER,2020-12-30 13:38:53,IV received by SENDER from (127.0.0.1 5586)
[INFO],SENDER,2020-12-30 13:40:26,RSA key received by SENDER from (127.0.0.1 5586)
[INFO],SENDER,2020-12-30 13:40:26,IV received by SENDER from (127.0.0.1 5586)
[INFO],SENDER,2020-12-30 13:43:16,RSA key received by SENDER from (127.0.0.1 5586)
[INFO],SENDER,2020-12-30 13:43:16,IV received by SENDER from (127.0.0.1 5586)
[INFO],SENDER,2020-12-30 13:44:31,RSA key received by SENDER from (127.0.0.1 5586)
[INFO],SENDER,2020-12-30 13:44:32,IV received by SENDER from (127.0.0.1 5586)
[INFO],SENDER,2020-12-30 13:45:28,RSA key received by SENDER from (127.0.0.1 5586)
[INFO],SENDER,2020-12-30 13:45:28,IV received by SENDER from (127.0.0.1 5586)
[INFO],SENDER,2020-12-30 14:12:27,RSA key received by SENDER from (127.0.0.1 5586)
[INFO],SENDER,2020-12-30 14:12:28,IV received by SENDER from (127.0.0.1 5586)
[INFO],SENDER,2021-01-01 18:38:34,RSA key received by SENDER from (127.0.0.1 5586)
[INFO],SENDER,2021-01-01 18:39:45,RSA key received by SENDER from (127.0.0.1 5586)
[INFO],SENDER,2021-01-01 18:40:57,RSA key received by SENDER from (127.0.0.1 5586)
[INFO],SENDER,2021-01-01 18:59:21,RSA key received by SENDER from (127.0.0.1 5586)
[INFO],SENDER,2021-01-01 18:59:22,IV received by SENDER from (127.0.0.1 5586)
[INFO],SENDER,2021-01-01 19:07:32,RSA key received by SENDER from (127.0.0.1 5586)
[INFO],SENDER,2021-01-01 19:17:46,RSA key received by SENDER from (127.0.0.1 5586)
[INFO],SENDER,2021-01-01 19:17:46,IV received by SENDER from (127.0.0.1 5586)
[INFO],SENDER,2021-01-01 19:32:09,RSA key received by SENDER from (127.0.0.1 5586)
[INFO],SENDER,2021-01-01 20:59:51,RSA key received by SENDER from (127.0.0.1 5586)
[INFO],SENDER,2021-01-01 20:59:51,IV received by SENDER from (127.0.0.1 5586)
[INFO],SENDER,2021-01-01 21:09:44,RSA key received by SENDER from (127.0.0.1 5586)
[INFO],SENDER,2021-01-01 21:09:45,IV received by SENDER from (127.0.0.1 5586)
[INFO],SENDER,2021-01-01 21:30:50,RSA key received by SENDER from (127.0.0.1 5586)
[INFO],SENDER,2021-01-01 21:30:50,IV received by SENDER from (127.0.0.1 5586)
